<?xml version="1.0" encoding="UTF-8" ?>
<document>
<!--The data in this file is primarily intended for consumption by Xilinx tools.
The structure and the elements are likely to change over the next few releases.
This means code written to parse this file will need to be revisited each subsequent release.-->
<application name="pa" timeStamp="Fri Jul 08 10:46:23 2016">
<section name="Project Information" visible="false">
<property name="ProjectID" value="c6fac6a158bd4c78a1560a9d697847ff" type="ProjectID"/>
<property name="ProjectIteration" value="1" type="ProjectIteration"/>
</section>
<section name="PlanAhead Usage" visible="true">
<item name="Project Data">
<property name="SrcSetCount" value="1" type="SrcSetCount"/>
<property name="ConstraintSetCount" value="1" type="ConstraintSetCount"/>
<property name="DesignMode" value="RTL" type="DesignMode"/>
<property name="SynthesisStrategy" value="Vivado Synthesis Defaults" type="SynthesisStrategy"/>
<property name="ImplStrategy" value="Vivado Implementation Defaults" type="ImplStrategy"/>
</item>
<item name="Java Command Handlers">
<property name="AddSources" value="9" type="JavaHandler"/>
<property name="CloseProject" value="1" type="JavaHandler"/>
<property name="EditDelete" value="7" type="JavaHandler"/>
<property name="EditSimulationSets" value="1" type="JavaHandler"/>
<property name="NewProject" value="2" type="JavaHandler"/>
<property name="OpenProject" value="2" type="JavaHandler"/>
<property name="ProjectSettingsCmdHandler" value="2" type="JavaHandler"/>
<property name="RunSchematic" value="1" type="JavaHandler"/>
<property name="SaveFileProxyHandler" value="8" type="JavaHandler"/>
<property name="SetTopNode" value="7" type="JavaHandler"/>
<property name="ShowView" value="1" type="JavaHandler"/>
<property name="SimulationClose" value="62" type="JavaHandler"/>
<property name="SimulationRun" value="91" type="JavaHandler"/>
<property name="SimulationRunAll" value="3" type="JavaHandler"/>
<property name="SimulationRunForTime" value="2" type="JavaHandler"/>
<property name="ViewTaskRTLAnalysis" value="4" type="JavaHandler"/>
<property name="WaveformSaveConfiguration" value="2" type="JavaHandler"/>
<property name="ZoomFit" value="1" type="JavaHandler"/>
<property name="ui.views.b.h.e" value="2" type="JavaHandler"/>
</item>
<item name="Gui Resources Info">
<property name="PAResourceCommand.PACommandNames_SIMULATION_RUN_BEHAVIORAL, Run Behavioral Simulation" value="29" type="GuiResourceData"/>
<property name="PAResourceEtoH.FileSetPanel_FILE_SET_PANEL_TREE, [root, Design Sources, control (control.v" value="8" type="GuiResourceData"/>
<property name="PAResourceEtoH.FileSetPanel_FILE_SET_PANEL_TREE, [root, Simulation Sources, sim_1, mod_tb (mod_tb.v" value="1" type="GuiResourceData"/>
<property name="PAResourceEtoH.FileSetPanel_FILE_SET_PANEL_TREE, [root, Simulation Sources, sim_1, tb_main (tb_main.v" value="2" type="GuiResourceData"/>
<property name="PAResourceEtoH.FileSetPanel_FILE_SET_PANEL_TREE, [root, Simulation Sources, sim_1], 6" value="1" type="GuiResourceData"/>
<property name="PAResourceEtoH.FileSetPanel_FILE_SET_PANEL_TREE, [root, Simulation Sources], 5" value="1" type="GuiResourceData"/>
<property name="PAResourceEtoH.FlowNavigatorTreePanel_FLOW_NAVIGATOR_TREE, [, RTL Analysis, Elaboration Settings], 13, false" value="1" type="GuiResourceData"/>
<property name="PAResourceEtoH.FlowNavigatorTreePanel_FLOW_NAVIGATOR_TREE, [, RTL Analysis, Open Elaborated Design], 14, true" value="2" type="GuiResourceData"/>
<property name="PAResourceEtoH.FlowNavigatorTreePanel_FLOW_NAVIGATOR_TREE, [, Simulation, Run Simulation], 11, false" value="32" type="GuiResourceData"/>
<property name="PAResourceOtoP.PAViews_PROJECT_SUMMARY, Project Summary" value="1" type="GuiResourceData"/>
<property name="PAResourceTtoZ.TaskBanner_CLOSE, (String" value="1" type="GuiResourceData"/>
<property name="RDIResource.BaseDialog_CANCEL, Cancel" value="2" type="GuiResourceData"/>
<property name="RDIResource.BaseDialog_OK, OK" value="20" type="GuiResourceData"/>
<property name="RDIResource.RDIViews_WAVEFORM_VIEWER, 120, 209" value="1" type="GuiResourceData"/>
<property name="RDIResource.RDIViews_WAVEFORM_VIEWER, 136, 225" value="1" type="GuiResourceData"/>
<property name="RDIResource.RDIViews_WAVEFORM_VIEWER, 81, 196" value="1" type="GuiResourceData"/>
<property name="RDIResource.RDIViews_WAVEFORM_VIEWER, Untitled 20*" value="1" type="GuiResourceData"/>
<property name="RDIResource.RDIViews_WAVEFORM_VIEWER, Untitled 22*" value="1" type="GuiResourceData"/>
<property name="RDIResource.WaveformNameTree_WAVEFORM_NAME_TREE, [true, mod_exp_finish], 8, false, false, false, false, true, false" value="1" type="GuiResourceData"/>
<property name="RDIResource.WaveformNameTree_WAVEFORM_NAME_TREE, [true, msg_in[255:0]], 6, true, false, false, false, true, false" value="1" type="GuiResourceData"/>
<property name="RDIResource.WaveformNameTree_WAVEFORM_NAME_TREE, [true, msg_out[255:0]], 7, true" value="4" type="GuiResourceData"/>
<property name="RDIResource.WaveformNameTree_WAVEFORM_NAME_TREE, [true, msg_out[255:0]], 7, true, false, false, false, true, false" value="12" type="GuiResourceData"/>
<property name="control.v, 122, 212" value="1" type="GuiResourceData"/>
<property name="control.v, 204, 147" value="1" type="GuiResourceData"/>
<property name="control.v, 211, 208" value="1" type="GuiResourceData"/>
<property name="control.v, 226, 132" value="1" type="GuiResourceData"/>
<property name="control.v, 257, 489" value="1" type="GuiResourceData"/>
<property name="control.v, 364, 126" value="1" type="GuiResourceData"/>
<property name="control.v, 378, 140" value="1" type="GuiResourceData"/>
<property name="control.v, 465, 345" value="1" type="GuiResourceData"/>
<property name="control.v, 475, 234" value="1" type="GuiResourceData"/>
<property name="control.v, 498, 329" value="1" type="GuiResourceData"/>
<property name="inverter.v, 183, 100" value="1" type="GuiResourceData"/>
<property name="inverter.v, 201, 51" value="1" type="GuiResourceData"/>
<property name="inverter.v, 202, 70" value="1" type="GuiResourceData"/>
<property name="mod_exp.v, 111, 61" value="1" type="GuiResourceData"/>
<property name="mod_exp.v, 132, 43" value="1" type="GuiResourceData"/>
<property name="mod_exp.v, 213, 70" value="1" type="GuiResourceData"/>
<property name="mod_exp.v, 247, 80" value="1" type="GuiResourceData"/>
<property name="mod_exp.v, 365, 112" value="1" type="GuiResourceData"/>
<property name="mod_exp.v, 372, 184" value="1" type="GuiResourceData"/>
<property name="mod_exp.v, 377, 185" value="1" type="GuiResourceData"/>
<property name="mod_exp.v, 379, 185" value="1" type="GuiResourceData"/>
<property name="mod_exp.v, 379, 185, false, false, false, false, true" value="1" type="GuiResourceData"/>
<property name="mod_exp.v, 561, 184" value="1" type="GuiResourceData"/>
<property name="mod_exp.v, 563, 216" value="1" type="GuiResourceData"/>
<property name="mod_exp.v, 566, 217" value="2" type="GuiResourceData"/>
<property name="mod_exp.v, 566, 217, false, false, false, false, true" value="1" type="GuiResourceData"/>
<property name="mod_exp.v, 566, 218" value="2" type="GuiResourceData"/>
<property name="mod_exp.v, 567, 201" value="1" type="GuiResourceData"/>
<property name="mod_exp.v, 568, 250" value="1" type="GuiResourceData"/>
<property name="mod_exp.v, 575, 147" value="1" type="GuiResourceData"/>
<property name="tb_main.v, 126, 267" value="1" type="GuiResourceData"/>
<property name="tb_main.v, 152, 262" value="1" type="GuiResourceData"/>
<property name="tb_main.v, 154, 75" value="1" type="GuiResourceData"/>
<property name="tb_main.v, 175, 266" value="1" type="GuiResourceData"/>
<property name="tb_main.v, 186, 110" value="1" type="GuiResourceData"/>
<property name="tb_main.v, 186, 247" value="1" type="GuiResourceData"/>
<property name="tb_main.v, 187, 233" value="1" type="GuiResourceData"/>
<property name="tb_main.v, 187, 244" value="2" type="GuiResourceData"/>
<property name="tb_main.v, 187, 245" value="3" type="GuiResourceData"/>
<property name="tb_main.v, 187, 58" value="1" type="GuiResourceData"/>
<property name="tb_main.v, 188, 249" value="1" type="GuiResourceData"/>
<property name="tb_main.v, 189, 241" value="1" type="GuiResourceData"/>
<property name="tb_main.v, 189, 245" value="1" type="GuiResourceData"/>
<property name="tb_main.v, 190, 246" value="1" type="GuiResourceData"/>
<property name="tb_main.v, 191, 244" value="1" type="GuiResourceData"/>
<property name="tb_main.v, 195, 265" value="1" type="GuiResourceData"/>
<property name="tb_main.v, 200, 58" value="1" type="GuiResourceData"/>
<property name="tb_main.v, 207, 79" value="1" type="GuiResourceData"/>
<property name="tb_main.v, 209, 262" value="1" type="GuiResourceData"/>
<property name="tb_main.v, 214, 261" value="1" type="GuiResourceData"/>
<property name="tb_main.v, 215, 247" value="1" type="GuiResourceData"/>
<property name="tb_main.v, 215, 259" value="1" type="GuiResourceData"/>
<property name="tb_main.v, 255, 264" value="1" type="GuiResourceData"/>
<property name="tb_main.v, 258, 261" value="1" type="GuiResourceData"/>
<property name="tb_main.v, 318, 115" value="1" type="GuiResourceData"/>
<property name="tb_main.v, 600, 262" value="2" type="GuiResourceData"/>
<property name="tb_main.v, 600, 264" value="1" type="GuiResourceData"/>
<property name="tb_main.v, 600, 265" value="1" type="GuiResourceData"/>
<property name="tb_main.v, 600, 266" value="1" type="GuiResourceData"/>
<property name="tb_main.v, 601, 262" value="1" type="GuiResourceData"/>
<property name="tb_main.v, 601, 263" value="1" type="GuiResourceData"/>
<property name="tb_main.v, 602, 263" value="2" type="GuiResourceData"/>
<property name="tb_main.v, 603, 128, false, false, false, false, true" value="1" type="GuiResourceData"/>
<property name="tb_main.v, 603, 129" value="1" type="GuiResourceData"/>
<property name="tb_main.v, 603, 267" value="1" type="GuiResourceData"/>
</item>
<item name="Other">
<property name="GuiMode" value="5" type="GuiMode"/>
<property name="BatchMode" value="0" type="BatchMode"/>
<property name="TclMode" value="3" type="TclMode"/>
</item>
</section>
</application>
</document>
